<?xml version="1.0" encoding="UTF-8"?>

<suite name="BrowserPlatformSuite">
	<test name="ChromeWindows10Test">
		<parameter name="browser" value="chrome" />
		<parameter name="version" value="128.0" />
		<parameter name="platform" value="Windows 10" />
		<parameter name="url"
			value="https://www.lambdatest.com/selenium-playground/" />

		<classes>
			<class name="com.example.demo.TestNGTestScenarios" />
		</classes>
	</test>

	<test name="EdgeMacOSTest">
		<parameter name="browser" value="MicrosoftEdge" />
		<parameter name="version" value="127.0" />
		<parameter name="platform" value="macOS Ventura" />
		<parameter name="url"
			value="https://www.lambdatest.com/selenium-playground/" />
		<classes>
			<class name="com.example.demo.TestNGTestScenarios" />
		</classes>
	</test>

	<test name="FirefoxWindows11Test">
		<parameter name="browser" value="firefox" />
		<parameter name="version" value="130.0" />
		<parameter name="platform" value="Windows 11" />
		<parameter name="url"
			value="https://www.lambdatest.com/selenium-playground/" />
		<classes>
			<class name="com.example.demo.TestNGTestScenarios" />
		</classes>
	</test>

</suite>
